YEAR,ffs_avg_risk_score,BENES_FFS_CNT,BENES_MA_CNT,MA_PRTCPTN_RATE,BENE_AVG_AGE,BENE_DUAL_PCT,geo_lvl,geo_desc,geo_cd,ffs_risk_score_yoy_pct
2014,1.0,33462969.0,15839852.0,0.3213,71.0,0.2148,National,National,,
2015,1.0,33551396.0,17224481.0,0.3392,71.0,0.2095,National,National,,0.0
2016,1.0,33981630.0,18184780.0,0.3486,71.0,0.2068,National,National,,0.0
2017,1.0,33725800.0,19575710.0,0.3673,72.0,0.2037,National,National,,0.0
2018,1.0,33499454.0,21062539.0,0.386,72.0,0.1975,National,National,,0.0
2019,1.0,33172250.0,22641201.0,0.4057,72.0,0.1887,National,National,,0.0
2020,1.0,32407829.0,24930644.0,0.4348,72.0,0.1798,National,National,,0.0
2021,1.0,30900366.0,27363940.0,0.4697,72.0,0.1712,National,National,,0.0
2022,1.0,29639955.0,29679713.0,0.5003,73.0,0.165,National,National,,0.0
2023,1.0,28408790.0,31848969.0,0.5285,73.0,0.158,National,National,,0.0
2014,0.81,71383.0,477.0,0.0066,70.0,0.2381,State,AK,02,
2015,0.81,74618.0,536.0,0.0071,70.0,0.2335,State,AK,02,0.0
2016,0.81,78268.0,573.0,0.0073,70.0,0.2297,State,AK,02,0.0
2017,0.83,80901.0,1187.0,0.0145,70.0,0.2313,State,AK,02,2.4691358024691246
2018,0.83,84714.0,1346.0,0.0156,71.0,0.2287,State,AK,02,0.0
2019,0.82,88343.0,1494.0,0.0166,71.0,0.2263,State,AK,02,-1.2048192771084376
2020,0.81,92202.0,1673.0,0.0178,71.0,0.2207,State,AK,02,-1.2195121951219412
2021,0.82,95155.0,2034.0,0.0209,71.0,0.2193,State,AK,02,1.2345679012345512
2022,0.82,97534.0,2388.0,0.0239,71.0,0.2212,State,AK,02,0.0
2023,0.82,99627.0,2684.0,0.0262,72.0,0.2191,State,AK,02,0.0
2014,0.98,674129.0,224558.0,0.2499,70.0,0.2095,State,AL,01,
2015,0.99,674322.0,241913.0,0.264,70.0,0.2026,State,AL,01,1.0204081632652962
2016,0.99,674292.0,259683.0,0.278,70.0,0.2,State,AL,01,0.0
2017,1.01,579332.0,366431.0,0.3874,70.0,0.2225,State,AL,01,2.020202020202011
2018,1.01,558242.0,401245.0,0.4182,70.0,0.2091,State,AL,01,0.0
2019,1.01,534585.0,437600.0,0.4501,71.0,0.1922,State,AL,01,0.0
2020,1.02,505750.0,485886.0,0.49,71.0,0.175,State,AL,01,0.990099009900991
2021,1.03,456883.0,543156.0,0.5431,71.0,0.163,State,AL,01,0.9803921568627416
2022,1.02,420148.0,589541.0,0.5839,72.0,0.1529,State,AL,01,-0.9708737864077666
2023,1.02,390938.0,630613.0,0.6173,72.0,0.1384,State,AL,01,0.0
2014,0.94,444779.0,109591.0,0.1977,70.0,0.2281,State,AR,05,
2015,0.94,446657.0,115911.0,0.206,70.0,0.2215,State,AR,05,0.0
2016,0.94,448670.0,122718.0,0.2148,70.0,0.2158,State,AR,05,0.0
2017,0.95,444843.0,132027.0,0.2289,71.0,0.2112,State,AR,05,1.0638297872340496
2018,0.95,438753.0,146344.0,0.2501,71.0,0.2007,State,AR,05,0.0
2019,0.97,429494.0,164405.0,0.2768,71.0,0.1909,State,AR,05,2.1052631578947434
2020,0.98,414587.0,189409.0,0.3136,71.0,0.1811,State,AR,05,1.0309278350515427
2021,0.98,389607.0,218734.0,0.3596,72.0,0.1684,State,AR,05,0.0
2022,0.99,369665.0,243308.0,0.3969,72.0,0.158,State,AR,05,1.0204081632652962
2023,1.0,337278.0,281931.0,0.4553,73.0,0.1564,State,AR,05,1.0101010101010166
2014,0.91,598257.0,403538.0,0.4028,72.0,0.1114,State,AZ,04,
2015,0.92,616634.0,429727.0,0.4107,72.0,0.1095,State,AZ,04,1.098901098901095
2016,0.91,639399.0,448018.0,0.412,72.0,0.1096,State,AZ,04,-1.0869565217391353
2017,0.91,657088.0,470252.0,0.4171,72.0,0.1075,State,AZ,04,0.0
2018,0.9,674543.0,493476.0,0.4225,73.0,0.1036,State,AZ,04,-1.098901098901095
2019,0.9,681997.0,531612.0,0.438,73.0,0.105,State,AZ,04,0.0
2020,0.9,681510.0,583980.0,0.4615,73.0,0.0963,State,AZ,04,0.0
2021,0.91,661421.0,636546.0,0.4904,73.0,0.0897,State,AZ,04,1.1111111111111072
2022,0.92,643111.0,679967.0,0.5139,74.0,0.0854,State,AZ,04,1.098901098901095
2023,0.92,630108.0,717858.0,0.5325,74.0,0.0837,State,AZ,04,0.0
2014,1.01,2718795.0,2082480.0,0.4337,72.0,0.2846,State,CA,06,
2015,1.02,2755869.0,2235829.0,0.4479,72.0,0.2868,State,CA,06,0.990099009900991
2016,1.02,2813891.0,2368606.0,0.457,72.0,0.3014,State,CA,06,0.0
2017,1.03,2845247.0,2465038.0,0.4642,72.0,0.3033,State,CA,06,0.9803921568627416
2018,1.03,2859639.0,2583757.0,0.4747,72.0,0.3025,State,CA,06,0.0
2019,1.03,2855978.0,2717956.0,0.4876,72.0,0.3,State,CA,06,0.0
2020,1.02,2836548.0,2893692.0,0.505,72.0,0.2963,State,CA,06,-0.9708737864077666
2021,1.03,2778184.0,3049855.0,0.5233,73.0,0.2988,State,CA,06,0.9803921568627416
2022,1.03,2734833.0,3188104.0,0.5383,73.0,0.3027,State,CA,06,0.0
2023,1.04,2682940.0,3330516.0,0.5538,73.0,0.306,State,CA,06,0.9708737864077666
2014,0.88,419069.0,270160.0,0.392,71.0,0.1715,State,CO,08,
2015,0.88,430901.0,287562.0,0.4002,71.0,0.1739,State,CO,08,0.0
2016,0.86,447350.0,299451.0,0.401,71.0,0.1745,State,CO,08,-2.2727272727272707
2017,0.87,456708.0,316072.0,0.409,71.0,0.1685,State,CO,08,1.1627906976744207
2018,0.87,470889.0,330817.0,0.4126,71.0,0.1589,State,CO,08,0.0
2019,0.87,451034.0,377176.0,0.4554,71.0,0.1612,State,CO,08,0.0
2020,0.87,447254.0,408647.0,0.4774,72.0,0.1472,State,CO,08,0.0
2021,0.88,438315.0,439701.0,0.5008,72.0,0.1491,State,CO,08,1.1494252873563315
2022,0.89,424280.0,475367.0,0.5284,72.0,0.1396,State,CO,08,1.1363636363636465
2023,0.89,411522.0,508022.0,0.5525,73.0,0.1309,State,CO,08,0.0
2014,1.05,414271.0,147477.0,0.2625,73.0,0.276,State,CT,09,
2015,1.05,412121.0,158559.0,0.2778,73.0,0.2779,State,CT,09,0.0
2016,1.06,412621.0,167221.0,0.2884,73.0,0.2735,State,CT,09,0.952380952380949
2017,1.04,408995.0,182616.0,0.3087,73.0,0.2681,State,CT,09,-1.8867924528301883
2018,1.06,349723.0,236533.0,0.4035,73.0,0.2998,State,CT,09,1.9230769230769162
2019,1.07,332304.0,278405.0,0.4559,73.0,0.2974,State,CT,09,0.9433962264151052
2020,1.07,316942.0,309104.0,0.4937,73.0,0.2868,State,CT,09,0.0
2021,1.07,297922.0,336125.0,0.5301,73.0,0.271,State,CT,09,0.0
2022,1.07,277574.0,362846.0,0.5666,74.0,0.2604,State,CT,09,0.0
2023,1.07,263913.0,390698.0,0.5968,74.0,0.2486,State,CT,09,0.0
2014,1.15,60204.0,9266.0,0.1334,71.0,0.4174,State,DC,11,
2015,1.15,60160.0,10520.0,0.1488,71.0,0.4157,State,DC,11,0.0
2016,1.15,59770.0,11789.0,0.1647,71.0,0.4098,State,DC,11,0.0
2017,1.15,59778.0,13314.0,0.1822,71.0,0.414,State,DC,11,0.0
2018,1.14,59607.0,15075.0,0.2019,71.0,0.4097,State,DC,11,-0.8695652173913104
2019,1.13,58445.0,16784.0,0.2231,72.0,0.3958,State,DC,11,-0.8771929824561431
2020,1.11,57219.0,19816.0,0.2572,72.0,0.3838,State,DC,11,-1.7699115044247593
2021,1.09,54075.0,22434.0,0.2932,72.0,0.3779,State,DC,11,-1.8018018018018056
2022,1.09,52245.0,25206.0,0.3254,72.0,0.3843,State,DC,11,0.0
2023,1.08,49144.0,28298.0,0.3654,73.0,0.3708,State,DC,11,-0.9174311926605561
2014,0.99,151409.0,12995.0,0.079,72.0,0.1649,State,DE,10,
2015,0.99,156300.0,14286.0,0.0837,72.0,0.1636,State,DE,10,0.0
2016,0.99,159290.0,17198.0,0.0974,72.0,0.1636,State,DE,10,0.0
2017,0.97,159656.0,21544.0,0.1189,72.0,0.1705,State,DE,10,-2.020202020202022
2018,0.97,161419.0,27124.0,0.1439,72.0,0.1534,State,DE,10,0.0
2019,0.96,161453.0,32768.0,0.1687,72.0,0.1475,State,DE,10,-1.0309278350515427
2020,0.97,161803.0,40094.0,0.1986,73.0,0.1405,State,DE,10,1.041666666666674
2021,0.98,156910.0,50325.0,0.2428,73.0,0.1311,State,DE,10,1.0309278350515427
2022,0.99,152948.0,60842.0,0.2846,73.0,0.1251,State,DE,10,1.0204081632652962
2023,0.98,150520.0,69888.0,0.3171,73.0,0.1204,State,DE,10,-1.0101010101010055
2014,1.07,2208281.0,1401254.0,0.3882,73.0,0.1845,State,FL,12,
2015,1.07,2215364.0,1578682.0,0.4161,73.0,0.1792,State,FL,12,0.0
2016,1.07,2242553.0,1674057.0,0.4274,73.0,0.1714,State,FL,12,0.0
2017,1.06,2222673.0,1801714.0,0.4477,73.0,0.1627,State,FL,12,-0.9345794392523366
2018,1.07,2200541.0,1928864.0,0.4671,73.0,0.1515,State,FL,12,0.9433962264151052
2019,1.07,2181847.0,2075549.0,0.4875,73.0,0.1442,State,FL,12,0.0
2020,1.09,2142151.0,2263862.0,0.5138,73.0,0.1383,State,FL,12,1.869158878504673
2021,1.1,2079034.0,2435488.0,0.5395,74.0,0.1282,State,FL,12,0.917431192660545
2022,1.1,2023304.0,2592290.0,0.5616,74.0,0.1201,State,FL,12,0.0
2023,1.11,1963380.0,2729100.0,0.5816,74.0,0.1119,State,FL,12,0.9090909090909038
2014,1.02,948452.0,414452.0,0.3041,70.0,0.2085,State,GA,13,
2015,1.02,942086.0,471338.0,0.3335,70.0,0.2025,State,GA,13,0.0
2016,1.02,942035.0,518474.0,0.355,71.0,0.1946,State,GA,13,0.0
2017,1.02,934137.0,565659.0,0.3772,71.0,0.1884,State,GA,13,0.0
2018,1.01,922694.0,621901.0,0.4026,71.0,0.1814,State,GA,13,-0.9803921568627416
2019,1.02,908154.0,677051.0,0.4271,71.0,0.1725,State,GA,13,0.990099009900991
2020,1.03,877833.0,754641.0,0.4623,72.0,0.1584,State,GA,13,0.9803921568627416
2021,1.01,817181.0,848603.0,0.5094,72.0,0.1433,State,GA,13,-1.9417475728155331
2022,1.0,774650.0,928498.0,0.5452,72.0,0.1309,State,GA,13,-0.990099009900991
2023,0.99,738152.0,998928.0,0.5751,73.0,0.1183,State,GA,13,-1.0000000000000009
2014,0.91,100192.0,108499.0,0.5199,73.0,0.127,State,HI,15,
2015,0.93,103650.0,110113.0,0.5151,73.0,0.129,State,HI,15,2.19780219780219
2016,0.92,106403.0,113466.0,0.5161,73.0,0.1286,State,HI,15,-1.0752688172043001
2017,0.92,108600.0,116165.0,0.5168,73.0,0.1238,State,HI,15,0.0
2018,0.92,109802.0,120526.0,0.5233,73.0,0.1165,State,HI,15,0.0
2019,0.91,110608.0,125045.0,0.5306,73.0,0.1127,State,HI,15,-1.0869565217391353
2020,0.92,110175.0,132003.0,0.5451,74.0,0.1111,State,HI,15,1.098901098901095
2021,0.92,108136.0,141697.0,0.5672,74.0,0.1077,State,HI,15,0.0
2022,0.92,105400.0,151441.0,0.5896,74.0,0.1021,State,HI,15,0.0
2023,0.93,102164.0,158911.0,0.6087,75.0,0.0947,State,HI,15,1.0869565217391353
2014,0.9,459065.0,79950.0,0.1483,73.0,0.1746,State,IA,19,
2015,0.9,464411.0,84977.0,0.1547,73.0,0.1725,State,IA,19,0.0
2016,0.9,457865.0,102575.0,0.183,72.0,0.1744,State,IA,19,0.0
2017,0.92,462030.0,108346.0,0.19,72.0,0.1703,State,IA,19,2.2222222222222143
2018,0.93,459490.0,119687.0,0.2067,73.0,0.1554,State,IA,19,1.0869565217391353
2019,0.92,450594.0,139615.0,0.2366,73.0,0.1366,State,IA,19,-1.0752688172043001
2020,0.91,445420.0,159824.0,0.2641,73.0,0.1329,State,IA,19,-1.0869565217391353
2021,0.92,432488.0,180243.0,0.2942,73.0,0.1286,State,IA,19,1.098901098901095
2022,0.92,416983.0,205367.0,0.33,73.0,0.1239,State,IA,19,0.0
2023,0.91,398632.0,232294.0,0.3682,74.0,0.1068,State,IA,19,-1.0869565217391353
2014,0.86,171598.0,85125.0,0.3316,71.0,0.1954,State,ID,16,
2015,0.87,175590.0,91405.0,0.3423,71.0,0.197,State,ID,16,1.1627906976744207
2016,0.86,184391.0,93818.0,0.3372,71.0,0.1942,State,ID,16,-1.1494252873563204
2017,0.87,193238.0,95891.0,0.3317,71.0,0.1918,State,ID,16,1.1627906976744207
2018,0.86,197580.0,102685.0,0.342,71.0,0.1797,State,ID,16,-1.1494252873563204
2019,0.86,198876.0,112909.0,0.3621,71.0,0.1635,State,ID,16,0.0
2020,0.86,198100.0,128977.0,0.3943,72.0,0.1526,State,ID,16,0.0
2021,0.87,194068.0,145421.0,0.4284,72.0,0.1452,State,ID,16,1.1627906976744207
2022,0.87,187338.0,161917.0,0.4636,72.0,0.1386,State,ID,16,0.0
2023,0.87,179889.0,176605.0,0.4954,73.0,0.1263,State,ID,16,0.0
2014,1.0,1474204.0,239076.0,0.1395,72.0,0.1734,State,IL,17,
2015,0.99,1456942.0,421528.0,0.2244,72.0,0.1732,State,IL,17,-1.0000000000000009
2016,1.0,1472951.0,451565.0,0.2346,72.0,0.1791,State,IL,17,1.0101010101010166
2017,1.0,1446656.0,504016.0,0.2584,72.0,0.1791,State,IL,17,0.0
2018,1.01,1443296.0,541258.0,0.2727,72.0,0.1786,State,IL,17,1.0000000000000009
2019,1.01,1426828.0,592718.0,0.2935,73.0,0.1735,State,IL,17,0.0
2020,1.01,1390858.0,673548.0,0.3263,73.0,0.169,State,IL,17,0.0
2021,1.02,1293397.0,762882.0,0.371,73.0,0.1553,State,IL,17,0.990099009900991
2022,1.03,1237484.0,867590.0,0.4121,73.0,0.1567,State,IL,17,0.9803921568627416
2023,1.03,1182730.0,938425.0,0.4424,74.0,0.152,State,IL,17,0.0
2014,1.0,820426.0,250382.0,0.2338,71.0,0.2058,State,IN,18,
2015,1.0,825116.0,270177.0,0.2467,71.0,0.2094,State,IN,18,0.0
2016,1.01,823889.0,285422.0,0.2573,71.0,0.2127,State,IN,18,1.0000000000000009
2017,1.0,816443.0,319322.0,0.2812,71.0,0.2084,State,IN,18,-0.990099009900991
2018,1.01,798312.0,360905.0,0.3113,71.0,0.2074,State,IN,18,1.0000000000000009
2019,1.01,777404.0,398219.0,0.3387,71.0,0.1947,State,IN,18,0.0
2020,1.01,745041.0,458178.0,0.3808,72.0,0.1817,State,IN,18,0.0
2021,1.0,695359.0,524261.0,0.4299,72.0,0.1667,State,IN,18,-0.990099009900991
2022,1.0,662579.0,579080.0,0.4664,72.0,0.165,State,IN,18,0.0
2023,0.99,627304.0,632822.0,0.5022,73.0,0.1574,State,IN,18,-1.0000000000000009
2014,0.93,389990.0,63136.0,0.1393,72.0,0.1624,State,KS,20,
2015,0.93,396093.0,65593.0,0.1421,72.0,0.1558,State,KS,20,0.0
2016,0.92,398740.0,72002.0,0.153,72.0,0.1502,State,KS,20,-1.0752688172043001
2017,0.92,399263.0,79189.0,0.1655,72.0,0.1444,State,KS,20,0.0
2018,0.93,402023.0,87557.0,0.1788,72.0,0.1382,State,KS,20,1.0869565217391353
2019,0.94,400112.0,98419.0,0.1974,72.0,0.1304,State,KS,20,1.0752688172043001
2020,0.94,394126.0,115207.0,0.2262,73.0,0.1219,State,KS,20,0.0
2021,0.95,378126.0,138635.0,0.2683,73.0,0.1136,State,KS,20,1.0638297872340496
2022,0.95,366348.0,161066.0,0.3054,73.0,0.109,State,KS,20,0.0
2023,0.94,355931.0,179856.0,0.3357,73.0,0.0995,State,KS,20,-1.0526315789473717
2014,1.0,596117.0,205124.0,0.256,69.0,0.2744,State,KY,21,
2015,1.01,593816.0,221300.0,0.2715,69.0,0.2707,State,KY,21,1.0000000000000009
2016,1.01,591223.0,238015.0,0.287,69.0,0.2615,State,KY,21,0.0
2017,1.01,583799.0,254924.0,0.3039,70.0,0.2556,State,KY,21,0.0
2018,1.01,575920.0,277215.0,0.3249,70.0,0.2471,State,KY,21,0.0
2019,1.01,550717.0,308388.0,0.359,70.0,0.2307,State,KY,21,0.0
2020,1.01,514796.0,357671.0,0.41,70.0,0.2269,State,KY,21,0.0
2021,1.0,471191.0,408395.0,0.4643,71.0,0.206,State,KY,21,-0.990099009900991
2022,1.0,431278.0,457481.0,0.5147,71.0,0.1801,State,KY,21,0.0
2023,1.0,400268.0,496257.0,0.5535,72.0,0.1627,State,KY,21,0.0
2014,1.07,508967.0,217611.0,0.2995,69.0,0.3114,State,LA,22,
2015,1.07,505746.0,236075.0,0.3182,70.0,0.304,State,LA,22,0.0
2016,1.08,507463.0,252629.0,0.3324,70.0,0.299,State,LA,22,0.9345794392523477
2017,1.07,499753.0,273299.0,0.3535,70.0,0.2952,State,LA,22,-0.92592592592593
2018,1.07,492816.0,297241.0,0.3762,70.0,0.2881,State,LA,22,0.0
2019,1.08,474144.0,327500.0,0.4085,70.0,0.2746,State,LA,22,0.9345794392523477
2020,1.08,456093.0,366584.0,0.4456,71.0,0.258,State,LA,22,0.0
2021,1.07,413194.0,411619.0,0.499,71.0,0.2418,State,LA,22,-0.92592592592593
2022,1.05,387826.0,451416.0,0.5379,72.0,0.2261,State,LA,22,-1.869158878504673
2023,1.05,360989.0,486004.0,0.5738,72.0,0.199,State,LA,22,0.0
2014,1.01,836441.0,227728.0,0.214,71.0,0.2755,State,MA,25,
2015,1.01,854059.0,244715.0,0.2227,71.0,0.2834,State,MA,25,0.0
2016,1.01,865717.0,257767.0,0.2294,71.0,0.2795,State,MA,25,0.0
2017,1.01,861256.0,281594.0,0.2464,71.0,0.2709,State,MA,25,0.0
2018,1.0,864096.0,299817.0,0.2576,71.0,0.2592,State,MA,25,-0.990099009900991
2019,1.01,864404.0,324003.0,0.2726,72.0,0.2496,State,MA,25,1.0000000000000009
2020,1.01,861913.0,356631.0,0.2927,72.0,0.2469,State,MA,25,0.0
2021,1.02,844294.0,392308.0,0.3172,72.0,0.2433,State,MA,25,0.990099009900991
2022,1.01,823106.0,428104.0,0.3422,73.0,0.2388,State,MA,25,-0.9803921568627416
2023,1.02,796538.0,465635.0,0.3689,73.0,0.2322,State,MA,25,0.990099009900991
2014,1.01,728265.0,76467.0,0.095,72.0,0.1762,State,MD,24,
2015,1.0,749425.0,76997.0,0.0932,72.0,0.1787,State,MD,24,-0.990099009900991
2016,1.0,757618.0,89815.0,0.106,72.0,0.1795,State,MD,24,0.0
2017,0.99,758405.0,107593.0,0.1242,72.0,0.1823,State,MD,24,-1.0000000000000009
2018,0.99,768524.0,119816.0,0.1349,72.0,0.18,State,MD,24,0.0
2019,0.99,783221.0,123739.0,0.1364,72.0,0.1779,State,MD,24,0.0
2020,0.98,792848.0,135045.0,0.1455,73.0,0.1733,State,MD,24,-1.0101010101010055
2021,0.98,764777.0,169057.0,0.181,73.0,0.1766,State,MD,24,0.0
2022,0.99,747584.0,200619.0,0.2116,73.0,0.1741,State,MD,24,1.0204081632652962
2023,0.99,727278.0,236391.0,0.2453,73.0,0.1696,State,MD,24,0.0
2014,0.92,221458.0,60894.0,0.2157,70.0,0.3808,State,ME,23,
2015,0.93,218587.0,68917.0,0.2397,70.0,0.3687,State,ME,23,1.0869565217391353
2016,0.93,215995.0,77865.0,0.265,70.0,0.3563,State,ME,23,0.0
2017,0.93,210245.0,90546.0,0.301,70.0,0.348,State,ME,23,0.0
2018,0.93,203921.0,103897.0,0.3375,71.0,0.3321,State,ME,23,0.0
2019,0.93,192176.0,119362.0,0.3831,71.0,0.3093,State,ME,23,0.0
2020,0.94,173706.0,138847.0,0.4442,71.0,0.3155,State,ME,23,1.0752688172043001
2021,0.94,161899.0,166224.0,0.5066,71.0,0.2938,State,ME,23,0.0
2022,0.93,149663.0,186711.0,0.5551,72.0,0.28,State,ME,23,-1.0638297872340274
2023,0.93,139975.0,202928.0,0.5918,72.0,0.2657,State,ME,23,0.0
2014,1.06,1215731.0,559496.0,0.3152,70.0,0.2221,State,MI,26,
2015,1.05,1169509.0,609913.0,0.3428,71.0,0.2031,State,MI,26,-0.9433962264150941
2016,1.06,1172704.0,664554.0,0.3617,71.0,0.2063,State,MI,26,0.952380952380949
2017,1.06,1158685.0,718043.0,0.3826,71.0,0.2111,State,MI,26,0.0
2018,1.06,1107665.0,810213.0,0.4225,71.0,0.2207,State,MI,26,0.0
2019,1.06,1079571.0,861118.0,0.4437,71.0,0.2119,State,MI,26,0.0
2020,1.06,979609.0,1005523.0,0.5065,71.0,0.2073,State,MI,26,0.0
2021,1.06,904813.0,1107781.0,0.5504,71.0,0.1999,State,MI,26,0.0
2022,1.05,832427.0,1203668.0,0.5912,72.0,0.1979,State,MI,26,-0.9433962264150941
2023,1.04,773389.0,1296892.0,0.6264,72.0,0.1927,State,MI,26,-0.952380952380949
2014,0.94,369520.0,461875.0,0.5555,70.0,0.2461,State,MN,27,
2015,0.96,362008.0,495128.0,0.5777,70.0,0.2549,State,MN,27,2.127659574468077
2016,0.96,353171.0,527078.0,0.5988,70.0,0.2585,State,MN,27,0.0
2017,0.98,342843.0,558011.0,0.6194,70.0,0.2591,State,MN,27,2.083333333333326
2018,0.98,347019.0,582196.0,0.6265,70.0,0.2528,State,MN,27,0.0
2019,0.97,481200.0,466613.0,0.4923,71.0,0.1799,State,MN,27,-1.0204081632653073
2020,0.97,466480.0,506340.0,0.5205,71.0,0.1718,State,MN,27,0.0
2021,0.99,436753.0,561659.0,0.5626,71.0,0.1771,State,MN,27,2.0618556701030855
2022,1.01,416832.0,605401.0,0.5922,72.0,0.1805,State,MN,27,2.020202020202011
2023,1.02,395499.0,648440.0,0.6211,72.0,0.1796,State,MN,27,0.990099009900991
2014,1.0,756524.0,291451.0,0.2781,71.0,0.195,State,MO,29,
2015,1.0,749863.0,319886.0,0.299,71.0,0.192,State,MO,29,0.0
2016,1.01,742845.0,345214.0,0.3173,71.0,0.1889,State,MO,29,1.0000000000000009
2017,1.02,729320.0,376922.0,0.3407,71.0,0.1854,State,MO,29,0.990099009900991
2018,1.02,718509.0,407809.0,0.3621,71.0,0.1769,State,MO,29,0.0
2019,1.02,688601.0,454822.0,0.3978,71.0,0.1695,State,MO,29,0.0
2020,1.02,666693.0,500497.0,0.4288,71.0,0.1608,State,MO,29,0.0
2021,1.02,624531.0,557022.0,0.4714,72.0,0.1474,State,MO,29,0.0
2022,1.02,588289.0,611180.0,0.5095,72.0,0.137,State,MO,29,0.0
2023,1.01,551213.0,666663.0,0.5474,73.0,0.1271,State,MO,29,-0.9803921568627416
2014,1.0,456374.0,70781.0,0.1343,69.0,0.3136,State,MS,28,
2015,1.01,458036.0,77677.0,0.145,70.0,0.3083,State,MS,28,1.0000000000000009
2016,1.01,458829.0,85844.0,0.1576,70.0,0.301,State,MS,28,0.0
2017,1.02,455993.0,94926.0,0.1723,70.0,0.2949,State,MS,28,0.990099009900991
2018,1.03,454172.0,106611.0,0.1901,70.0,0.2863,State,MS,28,0.9803921568627416
2019,1.04,449193.0,116031.0,0.2053,70.0,0.2726,State,MS,28,0.9708737864077666
2020,1.05,434319.0,138764.0,0.2421,71.0,0.2514,State,MS,28,0.9615384615384581
2021,1.04,397940.0,175079.0,0.3055,71.0,0.2271,State,MS,28,-0.952380952380949
2022,1.03,368984.0,209796.0,0.3625,72.0,0.2023,State,MS,28,-0.9615384615384581
2023,1.02,342866.0,239051.0,0.4108,72.0,0.1778,State,MS,28,-0.9708737864077666
2014,0.84,151505.0,33126.0,0.1794,72.0,0.16,State,MT,30,
2015,0.84,153902.0,36333.0,0.191,72.0,0.1615,State,MT,30,0.0
2016,0.83,155819.0,40948.0,0.2081,72.0,0.1633,State,MT,30,-1.1904761904761862
2017,0.84,158973.0,44259.0,0.2178,72.0,0.165,State,MT,30,1.2048192771084265
2018,0.84,168791.0,40492.0,0.1935,72.0,0.1582,State,MT,30,0.0
2019,0.83,172533.0,43973.0,0.2031,72.0,0.1518,State,MT,30,-1.1904761904761862
2020,0.82,175258.0,48314.0,0.2161,72.0,0.1445,State,MT,30,-1.2048192771084376
2021,0.83,173471.0,55236.0,0.2415,72.0,0.1395,State,MT,30,1.2195121951219523
2022,0.83,171148.0,62932.0,0.2688,72.0,0.1358,State,MT,30,0.0
2023,0.83,168821.0,70065.0,0.2933,73.0,0.1299,State,MT,30,0.0
2014,0.99,1165099.0,491172.0,0.2966,70.0,0.2347,State,NC,37,
2015,0.99,1172975.0,526439.0,0.3098,70.0,0.2289,State,NC,37,0.0
2016,0.99,1185183.0,562542.0,0.3219,71.0,0.2225,State,NC,37,0.0
2017,1.0,1186319.0,603414.0,0.3372,71.0,0.219,State,NC,37,1.0101010101010166
2018,1.0,1161335.0,660078.0,0.3624,71.0,0.2009,State,NC,37,0.0
2019,1.0,1137491.0,734074.0,0.3922,71.0,0.1867,State,NC,37,0.0
2020,1.0,1101447.0,825189.0,0.4283,71.0,0.1715,State,NC,37,0.0
2021,1.0,1030968.0,927283.0,0.4735,72.0,0.1556,State,NC,37,0.0
2022,1.0,966350.0,1033740.0,0.5168,72.0,0.1409,State,NC,37,0.0
2023,1.0,895592.0,1142479.0,0.5606,73.0,0.1257,State,NC,37,0.0
2014,0.9,92030.0,16174.0,0.1495,73.0,0.1578,State,ND,38,
2015,0.9,91316.0,18952.0,0.1719,73.0,0.1567,State,ND,38,0.0
2016,0.9,90018.0,22832.0,0.2023,73.0,0.1562,State,ND,38,0.0
2017,0.91,93309.0,22239.0,0.1925,73.0,0.1498,State,ND,38,1.1111111111111072
2018,0.91,96376.0,23131.0,0.1936,73.0,0.1453,State,ND,38,0.0
2019,0.9,98296.0,24047.0,0.1966,73.0,0.1418,State,ND,38,-1.098901098901095
2020,0.9,98597.0,26325.0,0.2107,72.0,0.1402,State,ND,38,0.0
2021,0.92,96338.0,30537.0,0.2407,72.0,0.1392,State,ND,38,2.2222222222222143
2022,0.93,93020.0,37446.0,0.287,73.0,0.1399,State,ND,38,1.0869565217391353
2023,0.93,88488.0,44164.0,0.3329,73.0,0.1325,State,ND,38,0.0
2014,0.89,252509.0,35953.0,0.1246,73.0,0.1555,State,NE,31,
2015,0.89,258356.0,37642.0,0.1272,73.0,0.1516,State,NE,31,0.0
2016,0.89,262993.0,39923.0,0.1318,73.0,0.1467,State,NE,31,0.0
2017,0.9,265882.0,42893.0,0.1389,73.0,0.142,State,NE,31,1.1235955056179803
2018,0.91,266105.0,48510.0,0.1542,73.0,0.1279,State,NE,31,1.1111111111111072
2019,0.91,264638.0,56900.0,0.177,73.0,0.1183,State,NE,31,0.0
2020,0.91,258327.0,70006.0,0.2132,73.0,0.1125,State,NE,31,0.0
2021,0.93,247395.0,86519.0,0.2591,73.0,0.11,State,NE,31,2.19780219780219
2022,0.93,237148.0,103111.0,0.303,73.0,0.1043,State,NE,31,0.0
2023,0.92,228281.0,118340.0,0.3414,74.0,0.0977,State,NE,31,-1.0752688172043001
2014,0.87,217110.0,17186.0,0.0734,71.0,0.1615,State,NH,33,
2015,0.87,222846.0,18567.0,0.0769,71.0,0.1601,State,NH,33,0.0
2016,0.87,226252.0,22335.0,0.0898,71.0,0.1549,State,NH,33,0.0
2017,0.86,225488.0,29808.0,0.1168,71.0,0.152,State,NH,33,-1.1494252873563204
2018,0.87,225512.0,37222.0,0.1417,71.0,0.1468,State,NH,33,1.1627906976744207
2019,0.87,214914.0,54848.0,0.2033,72.0,0.1455,State,NH,33,0.0
2020,0.86,211014.0,66455.0,0.2395,72.0,0.1364,State,NH,33,-1.1494252873563204
2021,0.87,204977.0,80427.0,0.2818,72.0,0.1328,State,NH,33,1.1627906976744207
2022,0.87,199476.0,94849.0,0.3223,72.0,0.1296,State,NH,33,0.0
2023,0.87,191867.0,108438.0,0.3611,73.0,0.123,State,NH,33,0.0
2014,1.06,1106217.0,214373.0,0.1623,73.0,0.1484,State,NJ,34,
2015,1.06,1126370.0,221237.0,0.1642,73.0,0.1559,State,NJ,34,0.0
2016,1.06,1124742.0,246346.0,0.1797,73.0,0.1497,State,NJ,34,0.0
2017,1.06,1052836.0,326695.0,0.2368,73.0,0.145,State,NJ,34,0.0
2018,1.05,1047848.0,359619.0,0.2555,73.0,0.1377,State,NJ,34,-0.9433962264150941
2019,1.05,957113.0,470354.0,0.3295,73.0,0.1393,State,NJ,34,0.0
2020,1.04,939658.0,524662.0,0.3583,73.0,0.136,State,NJ,34,-0.952380952380949
2021,1.03,900252.0,573860.0,0.3893,74.0,0.1304,State,NJ,34,-0.9615384615384581
2022,1.05,878134.0,617855.0,0.413,74.0,0.1298,State,NJ,34,1.9417475728155331
2023,1.05,860756.0,657084.0,0.4329,74.0,0.124,State,NJ,34,0.0
2014,0.91,218512.0,109141.0,0.3331,70.0,0.2461,State,NM,35,
2015,0.91,222314.0,116355.0,0.3436,70.0,0.2559,State,NM,35,0.0
2016,0.91,227572.0,122211.0,0.3494,70.0,0.2575,State,NM,35,0.0
2017,0.91,228159.0,131927.0,0.3664,71.0,0.2558,State,NM,35,0.0
2018,0.91,231511.0,139396.0,0.3758,71.0,0.2433,State,NM,35,0.0
2019,0.89,230484.0,151506.0,0.3966,71.0,0.2265,State,NM,35,-2.197802197802201
2020,0.89,225247.0,168599.0,0.4281,71.0,0.2059,State,NM,35,0.0
2021,0.88,214735.0,183335.0,0.4606,72.0,0.206,State,NM,35,-1.1235955056179803
2022,0.88,203744.0,203423.0,0.4996,72.0,0.1956,State,NM,35,0.0
2023,0.88,194627.0,218147.0,0.5285,73.0,0.1822,State,NM,35,0.0
2014,0.94,252049.0,138366.0,0.3544,71.0,0.1561,State,NV,32,
2015,0.95,259584.0,148903.0,0.3645,71.0,0.1594,State,NV,32,1.0638297872340496
2016,0.95,265397.0,159016.0,0.3747,71.0,0.175,State,NV,32,0.0
2017,0.95,269504.0,171989.0,0.3896,71.0,0.1782,State,NV,32,0.0
2018,0.95,273913.0,183533.0,0.4012,71.0,0.177,State,NV,32,0.0
2019,0.95,275807.0,198150.0,0.4181,72.0,0.1715,State,NV,32,0.0
2020,0.95,273466.0,218721.0,0.4444,72.0,0.1613,State,NV,32,0.0
2021,0.95,261584.0,242876.0,0.4815,72.0,0.1547,State,NV,32,0.0
2022,0.95,250513.0,264952.0,0.514,72.0,0.1468,State,NV,32,0.0
2023,0.95,240510.0,285400.0,0.5427,73.0,0.153,State,NV,32,0.0
2014,1.08,1801176.0,1159021.0,0.3915,72.0,0.2835,State,NY,36,
2015,1.07,1788665.0,1209590.0,0.4034,72.0,0.2742,State,NY,36,-0.92592592592593
2016,1.07,1803072.0,1245989.0,0.4086,72.0,0.2628,State,NY,36,0.0
2017,1.07,1769970.0,1329076.0,0.4289,72.0,0.2606,State,NY,36,0.0
2018,1.07,1755640.0,1409406.0,0.4453,72.0,0.2549,State,NY,36,0.0
2019,1.07,1741839.0,1473319.0,0.4582,72.0,0.2481,State,NY,36,0.0
2020,1.08,1716746.0,1589497.0,0.4808,73.0,0.2456,State,NY,36,0.9345794392523477
2021,1.07,1650306.0,1685555.0,0.5053,73.0,0.2367,State,NY,36,-0.92592592592593
2022,1.07,1599200.0,1790206.0,0.5282,73.0,0.2287,State,NY,36,0.0
2023,1.07,1548284.0,1886964.0,0.5493,74.0,0.2253,State,NY,36,0.0
2014,1.04,1171351.0,794980.0,0.4043,70.0,0.2243,State,OH,39,
2015,1.02,1133730.0,864741.0,0.4327,71.0,0.1943,State,OH,39,-1.9230769230769273
2016,1.02,1231290.0,806142.0,0.3957,71.0,0.1826,State,OH,39,0.0
2017,1.01,1221336.0,857294.0,0.4124,71.0,0.1795,State,OH,39,-0.9803921568627416
2018,1.0,1180107.0,931803.0,0.4412,71.0,0.171,State,OH,39,-0.990099009900991
2019,1.0,1159406.0,994989.0,0.4618,72.0,0.1634,State,OH,39,0.0
2020,0.99,1121441.0,1086755.0,0.4921,72.0,0.1526,State,OH,39,-1.0000000000000009
2021,0.99,1070553.0,1169771.0,0.5221,72.0,0.1402,State,OH,39,0.0
2022,0.99,1015711.0,1258294.0,0.5533,72.0,0.1344,State,OH,39,0.0
2023,0.99,973013.0,1331208.0,0.5777,73.0,0.1252,State,OH,39,0.0
2014,0.97,519067.0,109184.0,0.1738,71.0,0.2066,State,OK,40,
2015,0.99,524802.0,114401.0,0.179,71.0,0.2043,State,OK,40,2.0618556701030855
2016,0.99,530298.0,119476.0,0.1839,71.0,0.201,State,OK,40,0.0
2017,1.0,532303.0,127399.0,0.1931,71.0,0.1992,State,OK,40,1.0101010101010166
2018,1.02,531805.0,138447.0,0.2066,71.0,0.1923,State,OK,40,2.0000000000000018
2019,1.02,521189.0,158096.0,0.2327,71.0,0.1811,State,OK,40,0.0
2020,1.03,506612.0,185931.0,0.2685,72.0,0.1688,State,OK,40,0.9803921568627416
2021,1.04,470277.0,230259.0,0.3287,72.0,0.1588,State,OK,40,0.9708737864077666
2022,1.03,445869.0,265393.0,0.3731,72.0,0.1472,State,OK,40,-0.9615384615384581
2023,1.03,423710.0,295984.0,0.4113,73.0,0.1335,State,OK,40,0.0
2014,0.88,363225.0,314361.0,0.4639,71.0,0.1956,State,OR,41,
2015,0.88,371422.0,331874.0,0.4719,71.0,0.2031,State,OR,41,0.0
2016,0.87,381233.0,346935.0,0.4764,71.0,0.2038,State,OR,41,-1.1363636363636354
2017,0.88,388396.0,360881.0,0.4816,71.0,0.2031,State,OR,41,1.1494252873563315
2018,0.89,396895.0,376858.0,0.4871,71.0,0.2007,State,OR,41,1.1363636363636465
2019,0.89,405865.0,394970.0,0.4932,71.0,0.2015,State,OR,41,0.0
2020,0.89,404395.0,419335.0,0.5091,71.0,0.1976,State,OR,41,0.0
2021,0.9,394650.0,444436.0,0.5297,71.0,0.201,State,OR,41,1.1235955056179803
2022,0.9,380039.0,470702.0,0.5533,72.0,0.1992,State,OR,41,0.0
2023,0.9,366060.0,495334.0,0.575,72.0,0.1997,State,OR,41,0.0
2014,1.03,1328189.0,984950.0,0.4258,72.0,0.2059,State,PA,42,
2015,1.02,1342768.0,1012327.0,0.4298,72.0,0.2033,State,PA,42,-0.9708737864077666
2016,1.02,1364111.0,1035292.0,0.4315,72.0,0.1996,State,PA,42,0.0
2017,1.01,1354332.0,1081038.0,0.4439,72.0,0.1951,State,PA,42,-0.9803921568627416
2018,1.01,1360968.0,1118141.0,0.451,72.0,0.1866,State,PA,42,0.0
2019,1.0,1350464.0,1167187.0,0.4636,72.0,0.1764,State,PA,42,-0.990099009900991
2020,1.0,1322861.0,1243898.0,0.4846,72.0,0.1624,State,PA,42,0.0
2021,1.0,1273736.0,1317312.0,0.5084,72.0,0.15,State,PA,42,0.0
2022,1.0,1222923.0,1399160.0,0.5336,73.0,0.143,State,PA,42,0.0
2023,1.0,1178457.0,1478422.0,0.5565,73.0,0.1335,State,PA,42,0.0
2014,1.13,69854.0,540528.0,0.8856,72.0,,State,PR,72,
2015,1.16,63717.0,559184.0,0.8977,72.0,,State,PR,72,2.6548672566371723
2016,1.16,62834.0,567445.0,0.9003,72.0,,State,PR,72,0.0
2017,1.14,58742.0,563836.0,0.9056,73.0,,State,PR,72,-1.7241379310344862
2018,1.15,54623.0,573191.0,0.913,73.0,,State,PR,72,0.8771929824561431
2019,1.25,49823.0,591657.0,0.9223,73.0,,State,PR,72,8.69565217391306
2020,1.27,44902.0,607158.0,0.9311,73.0,,State,PR,72,1.6000000000000014
2021,1.06,37992.0,623116.0,0.9425,74.0,,State,PR,72,-16.535433070866134
2022,1.03,32895.0,640589.0,0.9512,75.0,,State,PR,72,-2.8301886792452824
2023,0.99,29138.0,655436.0,0.9574,75.0,,State,PR,72,-3.8834951456310662
2014,1.02,106653.0,69093.0,0.3931,70.0,0.2779,State,RI,44,
2015,1.02,110273.0,72188.0,0.3956,70.0,0.2685,State,RI,44,0.0
2016,1.0,103996.0,74308.0,0.4167,71.0,0.2085,State,RI,44,-1.9607843137254943
2017,0.97,94984.0,87500.0,0.4795,72.0,0.1392,State,RI,44,-3.0000000000000027
2018,0.97,94086.0,95000.0,0.5024,72.0,0.1456,State,RI,44,0.0
2019,0.97,94595.0,99628.0,0.513,72.0,0.1472,State,RI,44,0.0
2020,0.97,92678.0,107267.0,0.5365,72.0,0.1556,State,RI,44,0.0
2021,0.98,86576.0,115239.0,0.571,73.0,0.1441,State,RI,44,1.0309278350515427
2022,0.97,80270.0,125363.0,0.6096,73.0,0.1274,State,RI,44,-1.0204081632653073
2023,0.98,75869.0,134195.0,0.6388,74.0,0.1167,State,RI,44,1.0309278350515427
2014,0.94,668225.0,196498.0,0.2272,71.0,0.1562,State,SC,45,
2015,0.94,681650.0,214075.0,0.239,71.0,0.1487,State,SC,45,0.0
2016,0.93,687198.0,228585.0,0.2496,71.0,0.1316,State,SC,45,-1.0638297872340274
2017,0.94,690332.0,254817.0,0.2696,71.0,0.126,State,SC,45,1.0752688172043001
2018,0.93,697120.0,281607.0,0.2877,71.0,0.1177,State,SC,45,-1.0638297872340274
2019,0.93,693025.0,316154.0,0.3133,72.0,0.1102,State,SC,45,0.0
2020,0.93,677428.0,364244.0,0.3497,72.0,0.0986,State,SC,45,0.0
2021,0.92,649160.0,417552.0,0.3914,72.0,0.084,State,SC,45,-1.0752688172043001
2022,0.92,625702.0,470206.0,0.4291,73.0,0.0746,State,SC,45,0.0
2023,0.92,607120.0,514988.0,0.4589,73.0,0.0669,State,SC,45,0.0
2014,0.88,118348.0,24049.0,0.1689,72.0,0.1718,State,SD,46,
2015,0.88,117804.0,28419.0,0.1944,72.0,0.1702,State,SD,46,0.0
2016,0.88,117176.0,33202.0,0.2208,72.0,0.1692,State,SD,46,0.0
2017,0.87,120729.0,34303.0,0.2213,72.0,0.1656,State,SD,46,-1.1363636363636354
2018,0.87,125090.0,35282.0,0.22,72.0,0.1584,State,SD,46,0.0
2019,0.87,127167.0,37192.0,0.2263,72.0,0.1517,State,SD,46,0.0
2020,0.86,127182.0,41238.0,0.2449,72.0,0.1446,State,SD,46,-1.1494252873563204
2021,0.87,123855.0,47261.0,0.2762,72.0,0.1386,State,SD,46,1.1627906976744207
2022,0.88,119937.0,55585.0,0.3167,72.0,0.1338,State,SD,46,1.1494252873563315
2023,0.87,114994.0,63698.0,0.3565,72.0,0.1215,State,SD,46,-1.1363636363636354
2014,1.0,754328.0,382498.0,0.3365,71.0,0.2165,State,TN,47,
2015,1.01,746197.0,420166.0,0.3602,71.0,0.2076,State,TN,47,1.0000000000000009
2016,1.0,746122.0,447198.0,0.3748,71.0,0.1974,State,TN,47,-0.990099009900991
2017,1.0,742461.0,471851.0,0.3886,71.0,0.1854,State,TN,47,0.0
2018,1.0,736308.0,504806.0,0.4067,71.0,0.1654,State,TN,47,0.0
2019,0.99,725820.0,540938.0,0.427,72.0,0.1528,State,TN,47,-1.0000000000000009
2020,0.99,710421.0,590421.0,0.4539,72.0,0.1391,State,TN,47,0.0
2021,0.99,678781.0,642858.0,0.4864,72.0,0.1254,State,TN,47,0.0
2022,0.97,645450.0,689526.0,0.5165,73.0,0.1137,State,TN,47,-2.020202020202022
2023,0.97,613832.0,738932.0,0.5462,73.0,0.1053,State,TN,47,0.0
2014,1.06,2235761.0,1005022.0,0.3101,71.0,0.2105,State,TX,48,
2015,1.05,2190152.0,1108547.0,0.3361,71.0,0.1843,State,TX,48,-0.9433962264150941
2016,1.05,2222439.0,1230017.0,0.3563,72.0,0.1837,State,TX,48,0.0
2017,1.04,2205833.0,1339190.0,0.3778,72.0,0.1764,State,TX,48,-0.952380952380949
2018,1.04,2152365.0,1505159.0,0.4115,72.0,0.1693,State,TX,48,0.0
2019,1.04,2147279.0,1635415.0,0.4323,72.0,0.1569,State,TX,48,0.0
2020,1.04,2105933.0,1809741.0,0.4622,72.0,0.1431,State,TX,48,0.0
2021,1.02,1990498.0,2021318.0,0.5038,72.0,0.1295,State,TX,48,-1.9230769230769273
2022,1.01,1912675.0,2194093.0,0.5343,73.0,0.1176,State,TX,48,-0.9803921568627416
2023,1.01,1819291.0,2375786.0,0.5663,73.0,0.1075,State,TX,48,0.0
2014,,,,,,,State,Territory,,
2015,,,,,,,State,Territory,,
2016,,,,,,,State,Territory,,
2017,,,,,,,State,Territory,,
2018,,,,,,,State,Territory,,
2019,,,,,,,State,Territory,,
2020,,,,,,,State,Territory,,
2021,,,,,,,State,Territory,,
2022,,,,,,,State,Territory,,
2023,,,,,,,State,Territory,,
2014,0.88,193114.0,110368.0,0.3637,72.0,0.1145,State,UT,49,
2015,0.9,198716.0,116484.0,0.3696,72.0,0.1103,State,UT,49,2.2727272727272707
2016,0.88,202886.0,123277.0,0.378,72.0,0.1088,State,UT,49,-2.2222222222222254
2017,0.89,205755.0,131016.0,0.389,72.0,0.1062,State,UT,49,1.1363636363636465
2018,0.91,210544.0,139973.0,0.3993,72.0,0.1057,State,UT,49,2.2471910112359605
2019,0.92,213274.0,149952.0,0.4128,72.0,0.1013,State,UT,49,1.098901098901095
2020,0.94,210921.0,166200.0,0.4407,72.0,0.0964,State,UT,49,2.1739130434782483
2021,0.97,204314.0,185129.0,0.4754,73.0,0.0948,State,UT,49,3.1914893617021267
2022,0.99,196445.0,202927.0,0.5081,73.0,0.0909,State,UT,49,2.0618556701030855
2023,0.99,186458.0,222808.0,0.5444,73.0,0.0876,State,UT,49,0.0
2014,0.94,972847.0,204397.0,0.1736,72.0,0.1394,State,VA,51,
2015,0.94,993996.0,233026.0,0.1899,72.0,0.1349,State,VA,51,0.0
2016,0.95,1015425.0,248139.0,0.1964,72.0,0.1329,State,VA,51,1.0638297872340496
2017,0.95,1025527.0,271760.0,0.2095,72.0,0.1347,State,VA,51,0.0
2018,0.95,1046853.0,284720.0,0.2138,72.0,0.1405,State,VA,51,0.0
2019,0.95,1041012.0,324381.0,0.2376,72.0,0.1293,State,VA,51,0.0
2020,0.95,1017996.0,381490.0,0.2726,73.0,0.1115,State,VA,51,0.0
2021,0.95,969980.0,454401.0,0.319,73.0,0.0962,State,VA,51,0.0
2022,0.95,926429.0,527547.0,0.3628,74.0,0.0857,State,VA,51,0.0
2023,0.95,895581.0,585157.0,0.3952,74.0,0.0872,State,VA,51,0.0
2014,0.69,17008.0,142.0,0.0083,72.0,,State,VI,,
2015,0.71,17438.0,173.0,0.0098,72.0,,State,VI,,2.898550724637694
2016,0.71,17920.0,194.0,0.0107,72.0,,State,VI,,0.0
2017,0.7,17775.0,232.0,0.0129,73.0,,State,VI,,-1.4084507042253502
2018,0.7,17730.0,271.0,0.0151,73.0,,State,VI,,0.0
2019,0.7,17832.0,367.0,0.0202,73.0,,State,VI,,0.0
2020,0.7,18089.0,449.0,0.0242,73.0,,State,VI,,0.0
2021,0.7,12917.0,5444.0,0.2965,73.0,,State,VI,,0.0
2022,0.72,12715.0,5692.0,0.3092,73.0,,State,VI,,2.857142857142869
2023,0.72,12592.0,5949.0,0.3209,73.0,,State,VI,,0.0
2014,0.85,111302.0,9134.0,0.0758,71.0,0.2633,State,VT,50,
2015,0.84,113908.0,9614.0,0.0778,71.0,0.2596,State,VT,50,-1.17647058823529
2016,0.84,116615.0,10281.0,0.081,71.0,0.2549,State,VT,50,0.0
2017,0.83,117186.0,12592.0,0.097,71.0,0.2479,State,VT,50,-1.1904761904761862
2018,0.83,118996.0,14560.0,0.109,71.0,0.2412,State,VT,50,0.0
2019,0.83,119320.0,17467.0,0.1277,71.0,0.2332,State,VT,50,0.0
2020,0.82,118987.0,21313.0,0.1519,72.0,0.2202,State,VT,50,-1.2048192771084376
2021,0.82,113405.0,29795.0,0.2081,72.0,0.2113,State,VT,50,0.0
2022,0.83,104653.0,42367.0,0.2882,72.0,0.2151,State,VT,50,1.2195121951219523
2023,0.82,100944.0,49092.0,0.3272,72.0,0.2192,State,VT,50,-1.2048192771084376
2014,0.9,721427.0,335782.0,0.3176,71.0,0.1977,State,WA,53,
2015,0.9,743923.0,354305.0,0.3226,71.0,0.1943,State,WA,53,0.0
2016,0.89,767431.0,367767.0,0.324,72.0,0.1891,State,WA,53,-1.1111111111111072
2017,0.9,781397.0,389274.0,0.3325,72.0,0.1836,State,WA,53,1.1235955056179803
2018,0.91,785400.0,420369.0,0.3486,72.0,0.1733,State,WA,53,1.1111111111111072
2019,0.9,782986.0,457651.0,0.3689,72.0,0.1619,State,WA,53,-1.098901098901095
2020,0.9,771482.0,507032.0,0.3966,72.0,0.155,State,WA,53,0.0
2021,0.91,747205.0,562004.0,0.4293,73.0,0.1523,State,WA,53,1.1111111111111072
2022,0.92,720167.0,613814.0,0.4601,73.0,0.1478,State,WA,53,1.098901098901095
2023,0.92,684237.0,669236.0,0.4945,73.0,0.1366,State,WA,53,0.0
2014,0.94,613037.0,361407.0,0.3709,71.0,0.2157,State,WI,55,
2015,0.95,601376.0,398603.0,0.3986,71.0,0.2162,State,WI,55,1.0638297872340496
2016,0.94,606087.0,421501.0,0.4102,71.0,0.2119,State,WI,55,-1.0526315789473717
2017,0.95,607014.0,444846.0,0.4229,71.0,0.2069,State,WI,55,1.0638297872340496
2018,0.95,608339.0,474092.0,0.438,71.0,0.1991,State,WI,55,0.0
2019,0.95,595978.0,513392.0,0.4628,71.0,0.1951,State,WI,55,0.0
2020,0.95,579402.0,560350.0,0.4916,71.0,0.1911,State,WI,55,0.0
2021,0.96,555796.0,607333.0,0.5222,71.0,0.1871,State,WI,55,1.0526315789473717
2022,0.97,530739.0,658549.0,0.5537,72.0,0.1827,State,WI,55,1.041666666666674
2023,0.96,506138.0,707932.0,0.5831,72.0,0.1699,State,WI,55,-1.0309278350515427
2014,0.97,289250.0,104260.0,0.2649,69.0,0.2776,State,WV,54,
2015,0.99,292046.0,107708.0,0.2694,69.0,0.2774,State,WV,54,2.0618556701030855
2016,1.0,292211.0,111831.0,0.2768,69.0,0.2735,State,WV,54,1.0101010101010166
2017,1.0,283163.0,123769.0,0.3042,70.0,0.2757,State,WV,54,0.0
2018,1.01,276812.0,135638.0,0.3289,70.0,0.274,State,WV,54,1.0000000000000009
2019,1.01,265344.0,147257.0,0.3569,70.0,0.2582,State,WV,54,0.0
2020,1.01,250569.0,166080.0,0.3986,70.0,0.2393,State,WV,54,0.0
2021,1.01,229055.0,188812.0,0.4518,71.0,0.2261,State,WV,54,0.0
2022,1.0,211240.0,207450.0,0.4955,71.0,0.2151,State,WV,54,-0.990099009900991
2023,0.99,192124.0,226608.0,0.5412,72.0,0.1999,State,WV,54,-1.0000000000000009
2014,0.8,84309.0,3084.0,0.0353,72.0,0.1388,State,WY,56,
2015,0.81,86821.0,3225.0,0.0358,72.0,0.1353,State,WY,56,1.2499999999999956
2016,0.81,89736.0,3241.0,0.0349,72.0,0.13,State,WY,56,0.0
2017,0.82,92439.0,3836.0,0.0398,72.0,0.1252,State,WY,56,1.2345679012345512
2018,0.82,96156.0,4094.0,0.0408,72.0,0.1239,State,WY,56,0.0
2019,0.81,98890.0,4677.0,0.0452,72.0,0.1195,State,WY,56,-1.2195121951219412
2020,0.8,102058.0,5300.0,0.0494,72.0,0.1129,State,WY,56,-1.2345679012345734
2021,0.81,104284.0,6557.0,0.0592,72.0,0.1169,State,WY,56,1.2499999999999956
2022,0.81,103626.0,9633.0,0.0851,72.0,0.1134,State,WY,56,0.0
2023,0.79,99194.0,15735.0,0.1369,73.0,0.1019,State,WY,56,-2.4691358024691357
2014,,,,,,,State,ZZ,,
2015,,,,,,,State,ZZ,,
2016,,,,,,,State,ZZ,,
2017,,,,,,,State,ZZ,,
2018,,,,,,,State,ZZ,,
2019,,,,,,,State,ZZ,,
2020,,,,,,,State,ZZ,,
2021,,,,,,,State,ZZ,,
2022,,,,,,,State,ZZ,,
2023,,,,,,,State,ZZ,,
